[{"pk": 2, "model": "village.organization", "fields": {"sort": 0, "about": "<p><strong>abba</strong></p>\r\n<ol>\r\n<li><strong>qwe</strong></li>\r\n<li><strong>qwe</strong></li>\r\n<li><strong>wer</strong></li>\r\n</ol>", "name": "abba"}}, {"pk": 4, "model": "village.organization", "fields": {"sort": 0, "about": "<p>111 jkjkj</p>\r\n<p>tralala</p>", "name": "\u043f\u0438\u0441\u044c \u043f\u0438\u0441\u044c"}}, {"pk": 5, "model": "village.organization", "fields": {"sort": 0, "about": "<p>\u044f \u043a\u043e\u043b\u044f</p>", "name": "\u041a\u043e\u043b\u044f"}}, {"pk": 1, "model": "village.organization", "fields": {"sort": 1, "about": "<p>11111111111111111111<strong>111111111111</strong><em>1111111111</em></p>", "name": "ololo"}}, {"pk": 3, "model": "village.organization", "fields": {"sort": 2, "about": "<p>rtalala organization</p>", "name": "tralala"}}, {"pk": 42, "model": "village.publication", "fields": {"title": "Impact HTML5 Game Engine \u2014 \u0434\u0432\u0438\u0436\u043e\u043a \u043d\u0430 JS", "content": "<p><span style=\"font-family: Verdana, sans-serif; font-size: 16px; line-height: 25px;\">\u041a\u043e\u0440\u043e\u0442\u0435\u043d\u044c\u043a\u0430\u044f \u0438 \u043d\u0435\u0437\u0430\u0442\u0435\u0439\u043b\u0438\u0432\u0430\u044f \u0438\u0433\u0440\u0443\u0448\u043a\u0430 \u043a\u0440\u0443\u0442\u0438\u0442\u0441\u044f \u043d\u0435\u043e\u0431\u044b\u0447\u0430\u0439\u043d\u043e \u0431\u044b\u0441\u0442\u0440\u043e \u0438 \u043a\u0440\u0430\u0441\u0438\u0432\u043e, \u043e\u0441\u0442\u0430\u0432\u043b\u044f\u044f \u0437\u0430 \u0441\u043e\u0431\u043e\u0439 \u043f\u0440\u0438\u044f\u0442\u043d\u043e\u0435 \u0432\u043f\u0435\u0447\u0430\u0442\u043b\u0435\u043d\u0438\u0435, \u0430\u043a\u0442\u0438\u0432\u0438\u0440\u043e\u0432\u0430\u043d\u043d\u044b\u0435 \u0447\u0435\u043a\u043f\u043e\u0438\u043d\u0442\u044b \u0438 \u043c\u0430\u043b\u0435\u043d\u044c\u043a\u0438\u0435 \u043a\u0443\u0441\u043e\u0447\u043a\u0438 \u0432\u0440\u0430\u0433\u043e\u0432 :)<br />\u0412\u044b\u043f\u043e\u043b\u043d\u0435\u043d\u0430 \u043e\u043d\u0430 \u043d\u0430 \u0434\u0432\u0438\u0436\u043a\u0435 \u0430\u0432\u0442\u043e\u0440\u0430 \u044d\u0442\u043e\u0439 \u0436\u0435 \u0438\u0433\u0440\u044b,&nbsp;<a style=\"color: #6da3bd;\" href=\"http://impactjs.org/\">Impact HTML5 Game Engine</a>, \u0432 \u043a\u0430\u0447\u0435\u0441\u0442\u0432\u0435 \u0434\u0435\u043c\u043e\u043d\u0441\u0442\u0440\u0430\u0446\u0438\u0438 \u0435\u0433\u043e \u0432\u043e\u0437\u043c\u043e\u0436\u043d\u043e\u0441\u0442\u0435\u0439. \u0414\u0432\u0438\u0436\u043e\u043a \u043d\u0430 \u0434\u0430\u043d\u043d\u044b\u0439 \u043c\u043e\u043c\u0435\u043d\u0442 \u0432\u0441\u0435 \u0435\u0449\u0435 \u043d\u0430\u0445\u043e\u0434\u0438\u0442\u0441\u044f \u0432 \u0441\u043e\u0441\u0442\u043e\u044f\u043d\u0438\u0438 \u0440\u0430\u0437\u0440\u0430\u0431\u043e\u0442\u043a\u0438, \u043d\u043e \u043f\u0440\u0435\u0434\u043b\u0430\u0433\u0430\u0435\u0442 \u0443\u0432\u0435\u0434\u043e\u043c\u0438\u0442\u044c \u043d\u0430\u0441 \u044d\u043b\u0435\u043a\u0442\u0440\u043e\u043d\u043d\u044b\u043c \u043f\u0438\u0441\u044c\u043c\u043e\u043c \u043f\u043e \u043e\u0444\u0438\u0446\u0438\u0430\u043b\u044c\u043d\u043e\u043c\u0443 \u0432\u044b\u0445\u043e\u0434\u0443 \u0432 \u0441\u0432\u0435\u0442.<br />\u0417\u0430 \u043d\u043e\u0432\u043e\u0441\u0442\u044f\u043c\u0438 \u043c\u043e\u0436\u043d\u043e \u0442\u0430\u043a \u0436\u0435 \u0441\u043b\u0435\u0434\u0438\u0442\u044c \u0432&nbsp;<a style=\"color: #6da3bd;\" href=\"http://www.phoboslab.org/\">\u0431\u043b\u043e\u0433\u0435 \u0430\u0432\u0442\u043e\u0440\u0430</a>.<br /><br />\u041d\u0430 \u0437\u0430\u043a\u0443\u0441\u043a\u0443 &mdash; \u0432\u0438\u0434\u0435\u043e \u0441 \u0433\u0435\u0439\u043c\u043f\u043b\u0435\u0435\u043c, \u043d\u0435\u043a\u043e\u0442\u043e\u0440\u044b\u043c\u0438 \u043c\u043e\u043c\u0435\u043d\u0442\u0430\u043c\u0438 \u0441\u043e\u0437\u0434\u0430\u043d\u0438\u044f \u0438\u0433\u0440\u044b \u0438 \u0440\u0435\u0434\u0430\u043a\u0442\u043e\u0440\u043e\u043c \u0443\u0440\u043e\u0432\u043d\u0435\u0439 &mdash; \u0441 \u043a\u043e\u043c\u043c\u0435\u043d\u0442\u0430\u0440\u0438\u044f\u043c\u0438 \u0430\u0432\u0442\u043e\u0440\u0430.</span></p>\r\n<p><span style=\"font-family: Verdana, sans-serif; font-size: 16px; line-height: 25px;\"><br /></span></p>\r\n<p>\r\n<object width=\"400\" height=\"302\" type=\"application/x-shockwave-flash\" data=\"http://www.vimeo.com/moogaloop.swf?clip_id=14920760&amp;amp;server=www.vimeo.com&amp;amp;fullscreen=1&amp;amp;show_title=1&amp;amp;show_byline=1&amp;amp;show_portrait=0&amp;amp;color=\" name=\"quality\" value=\"best\">\r\n</object>\r\n</p>", "location": "district", "preface": "<p><span style=\"font-family: Verdana, sans-serif; font-size: 16px; line-height: 25px;\">\u041f\u0440\u043e\u0441\u043c\u0430\u0442\u0440\u0438\u0432\u0430\u044f \u043e\u0431\u0437\u043e\u0440\u044b \u0438\u043d\u0434\u0438-\u0438\u0433\u0440\u0443\u0448\u0435\u043a \u043d\u0430\u0442\u043a\u043d\u0443\u043b\u0441\u044f \u043d\u0430 \u0432\u0435\u0441\u044c\u043c\u0430 \u0438\u043d\u0442\u0435\u0440\u0435\u0441\u043d\u044b\u0439 \u043f\u0440\u043e\u0435\u043a\u0442 &mdash;&nbsp;<a style=\"color: #6da3bd;\" href=\"http://www.phoboslab.org/biolab/\">Biolab Disaster</a>(\u0434\u0430 \u043f\u043e\u043c\u043e\u0436\u0435\u0442 \u0435\u043c\u0443 \u041d\u041b\u041e \u0432\u044b\u0434\u0435\u0440\u0436\u0430\u0442\u044c \u0445\u0430\u0431\u0440\u0430\u044d\u0444\u0444\u0435\u043a\u0442) &mdash; \u0431\u0440\u0430\u0443\u0437\u0435\u0440\u043d\u044b\u0439 \u043f\u043b\u0430\u0442\u0444\u043e\u0440\u043c\u0435\u0440 \u043d\u0430 \u0447\u0438\u0441\u0442\u044b\u0445 HTML5 &amp; Javascript, \u043d\u0430\u0432\u0435\u0438\u0432\u0430\u044e\u0449\u0438\u0439 \u0432\u043e\u0441\u043f\u043e\u043c\u0438\u043d\u0430\u043d\u0438\u044f \u043e \u0442\u0435\u0445 \u0432\u0440\u0435\u043c\u0435\u043d\u0430\u0445, \u043a\u043e\u0433\u0434\u0430 \u043a\u0430\u0436\u0434\u0443\u044e \u0438\u0433\u0440\u0443 \u0434\u0435\u043b\u0430\u043b\u0438 \u0441\u043e \u0432\u0441\u0435\u0439 \u0434\u0443\u0448\u043e\u0439.</span></p>", "date": "2010-10-02 12:25:07", "archive": false}}, {"pk": 41, "model": "village.publication", "fields": {"title": "\u041d\u043e\u0432\u043e\u0441\u0442\u044c \u0433\u043b\u0430\u0441\u0438\u0442 \u0432\u0435\u0441\u0442\u0438", "content": "<p>def publication_post_save_handler(sender, **kwargs):<br />&nbsp;&nbsp;&nbsp; if kwargs.get(\"created\", False):<br />&nbsp;&nbsp;&nbsp;&nbsp;&nbsp;&nbsp;&nbsp; ids = []<br />&nbsp;&nbsp;&nbsp;&nbsp;&nbsp;&nbsp;&nbsp; for loc in [\"district\", \"region\", \"oblast\"]:<br />&nbsp;&nbsp;&nbsp;&nbsp;&nbsp;&nbsp;&nbsp;&nbsp;&nbsp;&nbsp;&nbsp; for pub in Publication.objects.filter(location=loc, archive=False)[10:]: # all non-archive pubs older than 5 last pubs<br />&nbsp;&nbsp;&nbsp;&nbsp;&nbsp;&nbsp;&nbsp;&nbsp;&nbsp;&nbsp;&nbsp;&nbsp;&nbsp;&nbsp;&nbsp; ids.append(pub.pk)<br />&nbsp;&nbsp;&nbsp;&nbsp;&nbsp;&nbsp;&nbsp; if ids:<br />&nbsp;&nbsp;&nbsp;&nbsp;&nbsp;&nbsp;&nbsp;&nbsp;&nbsp;&nbsp;&nbsp; Publication.objects.filter(pk__in=ids).update(archive=True) # they should be in archive<br />print<br />signals.post_save.connect(publication_post_save_handler, sender=Publication)<br /><br />class History(models.Model):<br />&nbsp;&nbsp;&nbsp; period = models.CharField(u'\u043f\u0435\u0440\u0438\u043e\u0434', max_length = 50)<br />&nbsp;&nbsp;&nbsp; content = tinymce_models.HTMLField(u'\u0441\u043e\u0434\u0435\u0440\u0436\u0430\u043d\u0438\u0435')<br />&nbsp;&nbsp;&nbsp; sort = models.IntegerField(default=0)<br />&nbsp;&nbsp; &nbsp;<br />&nbsp;&nbsp;&nbsp; def __unicode__(self):<br />&nbsp;&nbsp;&nbsp;&nbsp;&nbsp;&nbsp;&nbsp; return self.period<br />&nbsp;&nbsp; &nbsp;<br />&nbsp;&nbsp;&nbsp; class Meta:<br />&nbsp;&nbsp;&nbsp;&nbsp;&nbsp;&nbsp;&nbsp; ordering = ('sort',)&nbsp;&nbsp; &nbsp;<br /><br /></p>", "location": "district", "preface": "\u043e\u043b\u043e\u043b\u043e", "date": "2010-10-02 12:22:30", "archive": false}}, {"pk": 38, "model": "village.publication", "fields": {"title": "qweasd", "content": "<p>qweasd</p>\r\n<p>name = models.CharField(u'\u043d\u0430\u0437\u0432\u0430\u043d\u0438\u0435', max_length=50)<br />&nbsp;&nbsp;&nbsp; about = tinymce_models.HTMLField(u'\u043e\u043f\u0438\u0441\u0430\u043d\u0438\u0435')<br />&nbsp;&nbsp;&nbsp; sort = models.IntegerField(default=0)</p>", "location": "district", "preface": "<p>qweasd</p>", "date": "2010-09-12 22:39:35", "archive": false}}, {"pk": 37, "model": "village.publication", "fields": {"title": "\u0431\u0435\u0433\u0435\u043c\u043e\u0442 \u0437\u0430\u0441\u0440\u0430\u043d\u0435\u0446", "content": "<p><strong>\u043e\u0444\u0438\u0446\u0438\u0430\u043b\u044c\u043d\u043e \u0437\u0430\u044f\u0432\u043b\u044f\u0435\u043c</strong>, \u0447\u0442\u043e <em>\u0431\u0435\u0433\u0435\u043c\u043e\u0442</em> \u0437\u0430\u0441\u0440\u0430\u043b \u0432\u0435\u0441\u044c \u0441\u0432\u043e\u0439 \u0437\u0430\u0432\u0442\u0440\u0430\u043a</p>", "location": "district", "preface": "\u043e\u043d \u0437\u0430\u0441\u0440\u0430\u043b \u0432\u0435\u0441\u044c \u0441\u0432\u043e\u0439 \u0437\u0430\u0432\u0442\u0440\u0430\u043a", "date": "2010-09-12 22:31:22", "archive": false}}, {"pk": 34, "model": "village.publication", "fields": {"title": "\u043e\u0431\u043b\u0430\u0441\u0442\u043d\u0430\u044f \u043d\u043e\u0432\u043e\u0441\u0442\u044c", "content": "<ol>\r\n<li>\u043e\u043b\u043e\u043b\u043e</li>\r\n<li>\u0442\u0440\u043e\u043b\u043e\u043b\u043e</li>\r\n<li>\u043f\u044b\u0449 \u043f\u044b\u0449</li>\r\n</ol>", "location": "oblast", "preface": "<p>\u043d\u043e\u0432\u043e\u0441\u0442\u044c \u043e\u0431\u043b\u0430\u0441\u0442\u0438 \u0435\u0431\u0435\u0442 \u0432\u0441\u0435\u043c \u043c\u043e\u0437\u0433\u0438</p>", "date": "2010-09-07 02:13:33", "archive": false}}, {"pk": 33, "model": "village.publication", "fields": {"title": "\u0441\u0432\u0435\u0436\u0430\u043a", "content": "<p>\u0441\u0432</p>", "location": "district", "preface": "\u0441\u0432", "date": "2010-09-03 02:01:53", "archive": false}}, {"pk": 23, "model": "village.publication", "fields": {"title": "\u0440\u0430\u0439\u043e\u043d\u0447\u0438\u043a", "content": "<p>\u0440\u0430\u0439\u043e\u043d\u0447\u0438\u043a</p>", "location": "region", "preface": "\u0440\u0430\u0439\u043e\u043d\u0447\u0438\u043a", "date": "2010-07-20 01:59:04", "archive": false}}, {"pk": 21, "model": "village.publication", "fields": {"title": "kote", "content": "<p>kote</p>", "location": "district", "preface": "kote", "date": "2010-07-20 01:55:00", "archive": false}}, {"pk": 19, "model": "village.publication", "fields": {"title": "\u0435\u0449\u0435 \u043e\u0434\u043d\u0430 \u0434\u0432\u0435", "content": "<p>\u0435\u0449\u0435 \u043e\u0434\u043d\u0430 \u0434\u0432\u0435</p>", "location": "region", "preface": "\u0435\u0449\u0435 \u043e\u0434\u043d\u0430 \u0434\u0432\u0435", "date": "2010-07-20 01:42:42", "archive": false}}, {"pk": 17, "model": "village.publication", "fields": {"title": "\u0442\u0440\u0430\u0441\u0441\u0435\u0440 \u0441\u043f\u0438\u0442 \u0443 \u043c\u0435\u043d\u044f", "content": "<p>\u0442\u0440\u0430\u0441\u0441\u0435\u0440 \u0441\u043f\u0438\u0442 \u0443 \u043c\u0435\u043d\u044f</p>", "location": "district", "preface": "\u0442\u0440\u0430\u0441\u0441\u0435\u0440 \u0441\u043f\u0438\u0442 \u0443 \u043c\u0435\u043d\u044f", "date": "2010-07-20 01:31:19", "archive": false}}, {"pk": 6, "model": "village.publication", "fields": {"title": "22", "content": "<p><span style=\"font-family: Verdana, sans-serif; font-size: 16px; line-height: 25px;\"> </span></p>\r\n<h4 style=\"color: #999999; font-family: Verdana, sans-serif; font-weight: normal; font-size: 19px; padding: 0px; margin: 0px;\">\u0417\u0430\u0449\u0438\u0442\u0430 \u043e\u0442 CSRF</h4>\r\n<p><br />\u0422\u0430\u043a \u043a\u0430\u043a \u0436\u0435 \u0437\u0430\u0449\u0438\u0442\u0438\u0442\u044c\u0441\u044f \u043e\u0442 CSRF-\u0430\u0442\u0430\u043a? \u0412 \u043e\u0441\u043d\u043e\u0432\u0435 \u043b\u0435\u0436\u0438\u0442 \u0441\u043b\u0435\u0434\u0443\u044e\u0449\u0438\u0439 \u043f\u0440\u0438\u043d\u0446\u0438\u043f: \u043d\u0430\u0434\u043e \u043f\u0440\u043e\u0432\u0435\u0440\u044f\u0442\u044c, \u0447\u0442\u043e \u0432\u0441\u0435 \u0437\u0430\u043f\u0440\u043e\u0441\u044b \u0438\u0441\u0445\u043e\u0434\u044f\u0442 \u043e\u0442 \u043d\u0430\u0441\u0442\u043e\u044f\u0449\u0438\u0445 \u0444\u043e\u0440\u043c \u0441 \u0432\u0430\u0448\u0435\u0433\u043e \u0441\u0430\u0439\u0442\u0430.<br /><br />\u0421\u0434\u0435\u043b\u0430\u0442\u044c \u044d\u0442\u043e \u043c\u043e\u0436\u043d\u043e, \u0441\u043e\u0437\u0434\u0430\u0432\u0430\u044f \u0434\u043b\u044f \u043a\u0430\u0436\u0434\u043e\u0439 \u0444\u043e\u0440\u043c\u044b \u0441\u0432\u043e\u0439 \u0442\u043e\u043a\u0435\u043d (\u0438\u043b\u0438&nbsp;<em>nonce</em>, \u043a\u0430\u043a \u0433\u043e\u0432\u043e\u0440\u044f\u0442 \u0441\u043f\u0435\u0446\u0438\u0430\u043b\u0438\u0441\u0442\u044b \u043f\u043e \u0431\u0435\u0437\u043e\u043f\u0430\u0441\u043d\u043e\u0441\u0442\u0438), \u043f\u0440\u0438\u0432\u044f\u0437\u0430\u043d\u043d\u044b\u0439 \u043a \u0441\u0435\u0441\u0441\u0438\u0438 \u043f\u043e\u043b\u044c\u0437\u043e\u0432\u0430\u0442\u0435\u043b\u044f, \u0430 \u0442\u0430\u043a\u0436\u0435 \u043f\u0440\u043e\u0432\u0435\u0440\u044f\u044f \u0437\u0430\u0433\u043e\u043b\u043e\u0432\u043e\u043a REFERER. \u041f\u0440\u0438\u0432\u044f\u0437\u044b\u0432\u0430\u0442\u044c \u0442\u043e\u043a\u0435\u043d \u043a \u0441\u0435\u0441\u0441\u0438\u0438 \u043e\u0431\u044f\u0437\u0430\u0442\u0435\u043b\u044c\u043d\u043e, \u0432 \u043f\u0440\u043e\u0442\u0438\u0432\u043d\u043e\u043c \u0441\u043b\u0443\u0447\u0430\u0435 \u0430\u0442\u0430\u043a\u0443\u044e\u0449\u0438\u0439 \u0441\u0430\u0439\u0442 \u043c\u043e\u0436\u0435\u0442 \u0441\u0430\u043c \u0441\u0434\u0435\u043b\u0430\u0442\u044c \u0437\u0430\u043f\u0440\u043e\u0441 \u043a \u0432\u0430\u0448\u0435\u043c\u0443 \u0441\u0430\u0439\u0442\u0443 \u0438 \u043f\u043e\u043b\u0443\u0447\u0438\u0442\u044c \u0442\u043e\u043a\u0435\u043d.<br /><br />\u0415\u0441\u043b\u0438 \u0432\u044b \u043f\u0440\u043e\u0432\u0435\u0440\u044f\u0435\u0442\u0435 \u0441\u0435\u0441\u0441\u0438\u044e \u0438 \u0441\u043c\u043e\u0442\u0440\u0438\u0442\u0435, \u0447\u0442\u043e \u0442\u043e\u043a\u0435\u043d \u0431\u044b\u043b \u0432\u044b\u0434\u0430\u043d \u043e\u0442\u043d\u043e\u0441\u0438\u0442\u0435\u043b\u044c\u043d\u043e \u043d\u0435\u0434\u0430\u0432\u043d\u043e, \u0432\u044b \u043c\u043e\u0436\u0435\u0442\u0435 \u0441 \u0434\u043e\u0441\u0442\u0430\u0442\u043e\u0447\u043d\u043e\u0439 \u0441\u0442\u0435\u043f\u0435\u043d\u044c\u044e \u0443\u0432\u0435\u0440\u0435\u043d\u043d\u043e\u0441\u0442\u0438 \u0443\u0442\u0432\u0435\u0440\u0436\u0434\u0430\u0442\u044c, \u0447\u0442\u043e \u044d\u0442\u043e \u043d\u0430\u0441\u0442\u043e\u044f\u0449\u0438\u0439 \u0437\u0430\u043f\u0440\u043e\u0441 \u043e\u0442 \u043f\u043e\u043b\u044c\u0437\u043e\u0432\u0430\u0442\u0435\u043b\u044f. \u0412\u044b \u043d\u0438\u043a\u043e\u0433\u0434\u0430 \u043d\u0435 \u043c\u043e\u0436\u0435\u0442\u0435 \u0431\u044b\u0442\u044c \u0443\u0432\u0435\u0440\u0435\u043d\u044b \u043d\u0430 100 \u043f\u0440\u043e\u0446\u0435\u043d\u0442\u043e\u0432 \u0432 \u043e\u0431\u043b\u0430\u0441\u0442\u0438 \u0438\u043d\u0444\u043e\u0440\u043c\u0430\u0446\u0438\u043e\u043d\u043d\u043e\u0439 \u0431\u0435\u0437\u043e\u043f\u0430\u0441\u043d\u043e\u0441\u0442\u0438, \u0442\u0430\u043a \u043a\u0430\u043a \u043f\u043e\u0441\u0442\u043e\u044f\u043d\u043d\u043e \u043f\u043e\u044f\u0432\u043b\u044f\u044e\u0442\u0441\u044f \u043d\u043e\u0432\u044b\u0435 \u0442\u0438\u043f\u044b \u0430\u0442\u0430\u043a (\u043d\u0430\u043f\u0440\u0438\u043c\u0435\u0440, \u0437\u043b\u043e\u0432\u0440\u0435\u0434\u043d\u044b\u0439 \u0441\u0430\u0439\u0442 \u043c\u043e\u0436\u0435\u0442 \u043f\u043e\u0434\u0433\u0440\u0443\u0437\u0438\u0442\u044c \u0432\u0430\u0448\u0443 \u0441\u0442\u0440\u0430\u043d\u0438\u0447\u043a\u0443 \u0432 iframe \u0438 \u043f\u043e\u043a\u0430\u0437\u0430\u0442\u044c \u043f\u043e\u043b\u044c\u0437\u043e\u0432\u0430\u0442\u0435\u043b\u044e \u0442\u043e\u043b\u044c\u043a\u043e \u043e\u0434\u043d\u0443 \u043a\u043d\u043e\u043f\u043a\u0443, \u0441\u043a\u0430\u0436\u0435\u043c, &laquo;\u0443\u0434\u0430\u043b\u0438\u0442\u044c&raquo;), \u043d\u043e \u0432\u0441\u0451 \u0436\u0435 \u044d\u0442\u043e \u043b\u0443\u0447\u0448\u0435, \u0447\u0435\u043c \u043d\u0438\u0447\u0435\u0433\u043e.</p>\r\n<p>&nbsp;</p>", "location": "district", "preface": "22 \u043e\u043b\u043e\u043b\u043e \u044d\u0442\u043e \u0431\u043e\u043b\u044c\u0448\u0430\u044f \u043d\u043e\u0432\u043e\u0441\u0442\u044c \u043e\u0447\u0435\u043d\u044c \u043e\u0447\u0435\u043d\u044c", "date": "2010-06-29 14:53:19", "archive": true}}, {"pk": 5, "model": "village.publication", "fields": {"title": "11", "content": "<p>11</p>\r\n<p><span style=\"font-family: Helvetica; font-size: 15px; color: #313334; line-height: 22px;\"> </span></p>\r\n<h3 class=\"green\" style=\"margin-top: 0px; margin-right: 0px; margin-bottom: 0.5em; margin-left: 0px; padding-top: 0px; padding-right: 0px; padding-bottom: 0.4em; padding-left: 0px; font-weight: bold; font-style: inherit; font-size: 1.5em; font-family: inherit; vertical-align: baseline; color: #78ba91; line-height: 1; border: 0px initial initial;\">Server-Side Download</h3>\r\n<p style=\"margin-top: 0px; margin-right: 0px; margin-bottom: 1.5em; margin-left: 0px; font-weight: inherit; font-style: inherit; font-size: 1.2em; font-family: inherit; vertical-align: baseline; padding: 0px; border: 0px initial initial;\">This is a customized MooTools build without any component relative to browsers. Includes Class, Core and Native Extensions. It's specifically</p>\r\n<p style=\"margin-top: 0px; margin-right: 0px; margin-bottom: 1.5em; margin-left: 0px; font-weight: inherit; font-style: inherit; font-size: 1.2em; font-family: inherit; vertical-align: baseline; padding: 0px; border: 0px initial initial;\">made for server-side environments such</p>\r\n<p style=\"margin-top: 0px; margin-right: 0px; margin-bottom: 1.5em; margin-left: 0px; font-weight: inherit; font-style: inherit; font-size: 1.2em; font-family: inherit; vertical-align: baseline; padding: 0px; border: 0px initial initial;\">as&nbsp;<a style=\"font-weight: inherit; font-style: inherit; font-size: 18px; font-family: inherit; vertical-align: baseline; color: #6b7b95; text-decoration: underline; padding: 0px; margin: 0px; border: 0px initial initial;\" href=\"http://code.google.com/p/v8cgi/\">v8cgi</a>,&nbsp;<a style=\"font-weight: inherit; font-style: inherit; font-size: 18px; font-family: inherit; vertical-align: baseline; color: #6b7b95; text-decoration: underline; padding: 0px; margin: 0px; border: 0px initial initial;\" href=\"http://www.mozilla.org/rhino/\">Rhino</a>&nbsp;or&nbsp;<a style=\"font-weight: inherit; font-style: inherit; font-size: 18px; font-family: inherit; vertical-align: baseline; color: #6b7b95; text-decoration: underline; padding: 0px; margin: 0px; border: 0px initial initial;\" href=\"http://www.mozilla.org/js/spidermonkey/\">SpiderMonkey</a>.</p>\r\n<p style=\"margin-top: 0px; margin-right: 0px; margin-bottom: 1.5em; margin-left: 0px; font-weight: inherit; font-style: inherit; font-size: 1.2em; font-family: inherit; vertical-align: baseline; padding: 0px; border: 0px initial initial;\">&nbsp;</p>\r\n<p>&nbsp;</p>\r\n<p>&nbsp;</p>", "location": "district", "preface": "11", "date": "2010-06-29 14:52:06", "archive": true}}, {"pk": 4, "model": "village.publication", "fields": {"title": "\u043f\u0440\u0435\u043a\u0440\u0430\u0441\u043d\u044b\u0435 \u0434\u0435\u0432\u0443\u0448\u043a\u0438", "content": "<p><strong>\u043d\u043e\u0432\u043e\u0441\u0442\u044c \u043e\u043a\u0440\u0443\u0433\u0430 </strong></p>\r\n<p><br /><strong>\u0412 \u0434\u0430\u043d\u043d\u043e\u043c \u0432\u0430\u0440\u0438\u0430\u043d\u0442\u0435 \u0440\u0435\u0437\u0438\u0441\u0442\u043e\u0440 \u0438\u0441\u043f\u043e\u043b\u044c\u0437\u0443\u0435\u0442\u0441\u044f \u0432 \u043a\u0430\u0447\u0435\u0441\u0442\u0432\u0435 \u043f\u043e\u0434\u0442\u044f\u0436\u043a\u0438 (Pull-up). \u041e\u0431\u044b\u0447\u043d\u043e \u0434\u043b\u044f \u043f\u043e\u0434\u0442\u044f\u0436\u043a\u0438 \u043f\u0440\u0438\u043c\u0435\u043d\u044f\u044e\u0442 \u0440\u0435\u0437\u0438\u0441\u0442\u043e\u0440 \u043d\u043e\u043c\u0438\u043d\u0430\u043b\u043e\u043c 10 \u043a\u041e\u043c.<br />\u0412\u043f\u0440\u043e\u0447\u0435\u043c, \u043f\u043e\u0434\u0442\u044f\u0433\u0438\u0432\u0430\u044e\u0449\u0438\u0439 \u0440\u0435\u0437\u0438\u0441\u0442\u043e\u0440 \u043d\u0435 \u0432\u0441\u0435\u0433\u0434\u0430 \u043d\u0435\u043e\u0431\u0445\u043e\u0434\u0438\u043c. \u0412\u0441\u0435 \u043d\u043e\u0433\u0438 PORTB (RB0-RB7) \u0438\u043c\u0435\u044e\u0442 \u0432\u043d\u0443\u0442\u0440\u0435\u043d\u043d\u044e\u044e \u043f\u043e\u0434\u0442\u044f\u0436\u043a\u0443, \u043f\u043e\u0434\u043a\u043b\u044e\u0447\u0430\u0435\u043c\u0443\u044e \u043f\u0440\u043e\u0433\u0440\u0430\u043c\u043c\u043d\u043e. \u041d\u043e \u0438\u0441\u043f\u043e\u043b\u044c\u0437\u043e\u0432\u0430\u043d\u0438\u0435 \u0432\u043d\u0435\u0448\u043d\u0435\u0439 \u043f\u043e\u0434\u0442\u044f\u0436\u043a\u0438 \u043a\u0443\u0434\u0430 \u043d\u0430\u0434\u0435\u0436\u043d\u0435\u0435.<br /><br />\u041c\u043e\u0436\u043d\u043e \u043f\u043e\u0434\u043a\u043b\u044e\u0447\u0430\u0442\u044c \u043d\u0435 \u0442\u043e\u043b\u044c\u043a\u043e \u043a\u043d\u043e\u043f\u043a\u0443, \u0433\u043b\u0430\u0432\u043d\u043e\u0435 \u043f\u043e\u043c\u043d\u0438\u0442\u044c \u043e \u043e\u0433\u0440\u0430\u043d\u0438\u0447\u0435\u043d\u0438\u0438 \u0442\u043e\u043a\u0430 \u0447\u0435\u0440\u0435\u0437 \u041c\u041a.<br /><br />\u041a\u043d\u043e\u043f\u043a\u0430 \u0441\u0431\u0440\u043e\u0441\u0430<br /><br />\u041f\u043e\u043a\u0430 \u043d\u0435 \u0437\u0430\u0431\u044b\u043b\u0438, \u0447\u0442\u043e \u043c\u044b \u0430\u043a\u0442\u0438\u0432\u0438\u0440\u043e\u0432\u0430\u043b\u0438 \u0432\u043d\u0435\u0448\u043d\u0438\u0439 \u0441\u0431\u0440\u043e\u0441, \u0434\u043e\u0431\u0430\u0432\u0438\u043c \u0430\u043d\u0430\u043b\u043e\u0433\u0438\u0447\u043d\u0443\u044e \u043a\u043d\u043e\u043f\u043a\u0443 \u043d\u0430 \u043d\u043e\u0433\u0443 MCLR (pin 4).</strong></p>", "location": "district", "preface": "\u0434\u0435\u0432\u0443\u0448\u043a\u0438 \u0441\u0435\u0439\u0447\u0430\u0441", "date": "2010-06-26 17:31:24", "archive": true}}, {"pk": 2, "model": "village.publication", "fields": {"title": "\u043e\u043b\u043e\u043b\u043e", "content": "<p>\u043d\u043e\u0432\u043e\u0441\u0442\u044c \u043e\u043a\u0440\u0443\u0433\u0430 \u043e\u043b\u043e\u043b\u043e</p>", "location": "district", "preface": "\u043e\u043b\u043e\u043b\u043e \u043e\u043a\u0440\u0443\u0433\u0430", "date": "2010-06-26 16:43:22", "archive": true}}, {"pk": 1, "model": "village.publication", "fields": {"title": "\u0435\u0431\u0438\u0442\u0435\u0441\u044c \u0432\u0441\u0435", "content": "<p><strong>\u0440\u0430\u0439\u043e\u043d\u0430 \u043d\u043e\u0432\u043e\u0441\u0442\u044c</strong></p>\r\n<p><em>\u0432\u0441\u0435\u043c \u0435\u0431\u0430\u0442\u044c\u0441\u044f</em></p>", "location": "region", "preface": "\u0432\u0441\u0435\u043c \u043f\u043e\u043b\u043e\u0436\u0435\u043d\u043e \u0435\u0431\u0430\u0442\u044c\u0441\u044f \u0432 \u0440\u0430\u0439\u043e\u043d\u0435", "date": "2010-06-26 14:39:51", "archive": false}}, {"pk": 39, "model": "village.publication", "fields": {"title": "old", "content": "<p>old pub</p>", "location": "district", "preface": "old", "date": "2009-09-12 22:40:09", "archive": true}}, {"pk": 36, "model": "village.publication", "fields": {"title": "\u0438\u0437 \u043f\u0440\u043e\u0448\u043b\u043e\u0433\u043e \u043d\u043e\u0432\u043e\u0441\u0442\u044c \u0435\u0449\u0435 \u043e\u0434\u043d\u0430", "content": "<p>\u0438\u0437 \u043f\u0440\u043e\u0448\u043b\u043e\u0433\u043e</p>", "location": "district", "preface": "\u0431\u043b\u0430 \u0431\u043b\u0430 \u0431\u043b\u0430", "date": "2009-09-12 15:45:34", "archive": true}}, {"pk": 35, "model": "village.publication", "fields": {"title": "\u0438\u0437 \u043f\u0440\u043e\u0448\u043b\u043e\u0433\u043e \u043d\u043e\u0432\u043e\u0441\u0442\u044c", "content": "<p>\u043d\u0430\u043c \u043f\u0438\u0448\u0443\u0442 <strong>\u0418\u0417 \u041f\u0420\u041e\u0428\u041b\u041e\u0413\u041e</strong></p>", "location": "district", "preface": "wtf??", "date": "2009-09-12 15:35:36", "archive": true}}, {"pk": 40, "model": "village.publication", "fields": {"title": "\u043c\u0430\u0440\u0442", "content": "<p>\u043f\u0440\u043e \u043c\u0430\u0440\u0442</p>", "location": "district", "preface": "\u043c\u0430\u0440\u0442", "date": "2009-03-13 01:24:59", "archive": true}}, {"pk": 2, "model": "village.history", "fields": {"content": "<p>\u043f\u0435\u0440\u0438\u043e\u0434&nbsp;<strong>\u0420\u043e\u0441\u0441\u0438\u0438</strong></p>\r\n<p><strong>\u0442\u0443\u0442 \u043f\u0440\u043e \u0440\u043e\u0441\u0441\u0438\u044e \u043c\u043e\u0436\u043d\u043e </strong><em>\u043d\u0430\u043f\u0438\u0441\u0430\u0442\u044c \u0447\u0435\u0433\u043e-\u043d\u0438\u0431\u0443\u0434\u044c</em></p>", "sort": 1, "period": "\u0420\u043e\u0441\u0441\u0438\u044f"}}, {"pk": 3, "model": "village.history", "fields": {"content": "<p>\u043f\u0435\u0440\u0438\u043e\u0434 <strong>\u0420\u0424</strong></p>", "sort": 2, "period": "\u0420\u0424"}}, {"pk": 1, "model": "village.history", "fields": {"content": "<p><em><strong>\u0414\u0440\u0435\u0432\u043d\u043e\u0441\u0442\u044c</strong></em> \u0431\u044b\u043b\u0430 \u0434\u0430\u0432\u043d\u043e \u0441\u043e\u0432\u0441\u0435\u043c.</p>", "sort": 6, "period": "\u0414\u0440\u0435\u0432\u043d\u043e\u0441\u0442\u044c"}}, {"pk": 1, "model": "village.publicationphoto", "fields": {"image": "photos/publications/trasser.jpg", "description": "\u0442\u0440\u0430\u0441\u0441\u0435\u0440", "pub": 17}}, {"pk": 2, "model": "village.publicationphoto", "fields": {"image": "photos/publications/nadya_and_cotton_candy__.jpg", "description": "\u041d\u0430\u0434\u044f", "pub": 4}}, {"pk": 3, "model": "village.publicationphoto", "fields": {"image": "photos/publications/anna_and_leaves.jpg", "description": "\u0410\u043d\u043d\u0430", "pub": 4}}, {"pk": 4, "model": "village.publicationphoto", "fields": {"image": "photos/publications/kaktys.jpg", "description": "\u041a\u0430\u043a\u0442\u0443\u0441", "pub": 4}}, {"pk": 5, "model": "village.publicationphoto", "fields": {"image": "photos/publications/926cfd4310d3.jpg", "description": "\u0432\u043e\u0442 \u044d\u0442\u0438\u043c \u0440\u0435\u0431\u044f\u0442\u0430\u043c \u0432\u0441\u0435 \u0440\u0430\u0432\u043d\u043e, \u0432 \u043f\u0440\u0438\u043d\u0446\u0438\u043f\u0435. \u043e\u0441\u043e\u0431\u0435\u043d\u043d\u043e \u041a\u0430\u0440\u0442\u043c\u0435\u044d\u043d\u0443.", "pub": 34}}, {"pk": 6, "model": "village.publicationphoto", "fields": {"image": "photos/publications/comics.jpg", "description": "\u043a\u043e\u043c\u0438\u043a\u0441\u044b", "pub": 34}}, {"pk": 1, "model": "village.historyphoto", "fields": {"image": "photos/history/P1100734.JPG", "description": "\u0445\u0437", "history": 2}}, {"pk": 2, "model": "village.historyphoto", "fields": {"image": "photos/history/P1110889.JPG", "description": "\u0445\u0437 \u0432\u043e\u0442 \u0442\u0430\u043a", "history": 2}}, {"pk": 3, "model": "village.neighbour", "fields": {"content": "<p>\u0434\u0435\u0440\u0435\u0432\u043d\u044f \u0434\u0435\u0440\u0435\u0432\u0435\u043d\u0441\u043a\u043e\u0435</p>\r\n<p><strong>\u0431\u0430\u043d\u0430\u043b\u044c\u043d\u043e\u0441\u0442\u044c nhfkfkf</strong></p>", "sort": 0, "name": "\u0434\u0435\u0440\u0435\u0432\u0435\u043d\u0441\u043a\u043e\u0435"}}, {"pk": 2, "model": "village.neighbour", "fields": {"content": "<p><strong><span style=\"text-decoration: line-through;\">\u043c\u0443\u0434\u0438\u0449\u0435\u0432\u043e</span> \u043e\u043b\u043e\u043b\u043e</strong></p>", "sort": 1, "name": "\u043c\u0443\u0434\u0438\u0449\u0435\u0432\u043e"}}, {"pk": 1, "model": "village.neighbour", "fields": {"content": "<p>\u043e\u043b\u043e\u043b\u043e \u0431\u043e\u0440\u043a\u0438</p>\r\n<p>\u043b\u043b\u043b\u043b\u043b\u043b\u043b\u043b\u043e\u0440\u0440\u0440\u0440\u0440\u0440\u0440\u0440\u0440\u0440</p>\r\n<p>\u043e\u043f\u043e\u0440\u043f<span style=\"text-decoration: line-through;\">\u0431\u044c\u0442</span>\u044c\u044c\u0442\u0438\u044c</p>", "sort": 2, "name": "\u0431\u043e\u0440\u043a\u0438"}}, {"pk": 1, "model": "village.neighbourphoto", "fields": {"neighbour": 2, "image": "photos/neighbours/P1110931.JPG", "description": "\u044f \u043d\u0435 \u043f\u043e\u043c\u043d\u044e \u043e\u0442\u043a\u0443\u0434\u0430 \u044d\u0442\u043e"}}, {"pk": 2, "model": "village.neighbourphoto", "fields": {"neighbour": 2, "image": "photos/neighbours/4-up_on_2010-04-22_at_19.33.jpg", "description": "wtf???"}}, {"pk": 3, "model": "village.neighbourphoto", "fields": {"neighbour": 3, "image": "photos/neighbours/sanya_piztets.jpg", "description": "\u0421\u0430\u043d\u0435\u043a \u043e\u0432\u043e\u0449\u0438\u0442\u0441\u044f"}}, {"pk": 4, "model": "village.neighbourphoto", "fields": {"neighbour": 3, "image": "photos/neighbours/our_good_days.jpg", "description": "\u041c\u044b \u043e\u0442\u0442\u044f\u0433\u0438\u0432\u0430\u0435\u043c\u0441\u044f"}}, {"pk": 1, "model": "village.organizationphoto", "fields": {"organization": 2, "image": "photos/organizations/P1120303.JPG", "description": "\u044d\u0442\u043e \u0430\u0431\u0431\u0430"}}, {"pk": 2, "model": "village.organizationphoto", "fields": {"organization": 5, "image": "photos/organizations/slon_fool.jpg", "description": "\u043a\u043e\u043b\u044f - \u0434\u0443\u0440\u0430\u043a"}}, {"pk": 3, "model": "village.song", "fields": {"artist": "dub fx", "year": 2005, "name": "love me or not", "song": "audio/13_Love_Me_Or_Not.mp3"}}, {"pk": 1, "model": "village.song", "fields": {"artist": "scrubs ost", "year": 2001, "name": "sad melody", "song": "audio/sad_melody.mp3"}}, {"pk": 2, "model": "village.song", "fields": {"artist": "yiruma", "year": 2000, "name": "rivers flows in you", "song": "audio/4_River_Flows_In_You.mp3"}}, {"pk": 5, "model": "village.song", "fields": {"artist": "Yndi Halda", "year": null, "name": "Illuminate My Heart, My Darling!", "song": "audio/04_Illuminate_My_Heart_My_Darling.mp3"}}, {"pk": 6, "model": "village.song", "fields": {"artist": "\u041a\u0438\u043d\u043e", "year": null, "name": "\u041c\u0443\u0437\u044b\u043a\u0430 \u0432\u043e\u043b\u043d", "song": "audio/09_Muzyika_voln.mp3"}}, {"pk": 7, "model": "village.song", "fields": {"artist": "Adiemus", "year": null, "name": "trololo", "song": "audio/09_Muzyika_voln_.mp3"}}, {"pk": 8, "model": "village.song", "fields": {"artist": "\u041a\u0438\u043d\u043e", "year": null, "name": "\u0422\u0440\u043e\u043b\u043b\u0435\u0439\u0431\u0443\u0441", "song": "audio/01_Trollejbus.mp3"}}, {"pk": 9, "model": "village.song", "fields": {"artist": "Sigur R\u00f3s", "year": null, "name": "S\u00e6gl\u00f3pur", "song": "audio/06_S1gl1pur.mp3"}}, {"pk": 8, "model": "village.userprofile", "fields": {"first_name": "Victor", "last_name": "", "phone": 765724, "location": "", "site": "", "birth_date": "1986-07-31", "user": 3, "patronymic": "\u0418\u0433\u043e\u0440\u0435\u0432\u0438\u0447", "icq": 123, "avatar": ""}}, {"pk": 9, "model": "village.userprofile", "fields": {"first_name": "\u041e\u043b\u044c\u0433\u0430", "last_name": "\u041a\u0443\u043a\u043b\u0435\u0432\u0441\u043a\u0430\u044f", "phone": null, "location": "", "site": "", "birth_date": "2004-01-01", "user": 15, "patronymic": "\u0421\u0435\u0440\u0433\u0435\u0435\u0432\u043d\u0430", "icq": null, "avatar": ""}}, {"pk": 12, "model": "village.userprofile", "fields": {"first_name": "\u043f\u043e\u043f\u043e\u0447\u043a\u0430", "last_name": "", "phone": 777, "location": "", "site": "", "birth_date": null, "user": 20, "patronymic": "", "icq": null, "avatar": ""}}, {"pk": 25, "model": "village.userprofile", "fields": {"first_name": "\u0421\u0430\u043d\u0435\u043a", "last_name": "", "phone": null, "location": "d", "site": "http://oboobs.ru/", "birth_date": null, "user": 2, "patronymic": "", "icq": null, "avatar": "photos/user_avatars/sanya_piztets.jpg"}}, {"pk": 28, "model": "village.userprofile", "fields": {"first_name": "\u0414\u0430\u0448\u0430", "last_name": "", "phone": null, "location": "", "site": "http://ivc.music.ru/", "birth_date": "2004-01-01", "user": 5, "patronymic": "", "icq": null, "avatar": "photos/user_avatars/pier.jpg"}}, {"pk": 29, "model": "village.userprofile", "fields": {"first_name": "\u0421\u0442\u0430\u0441", "last_name": "Kotseruba", "phone": 89065488096, "location": "\u0433. \u0420\u044f\u0437\u0430\u043d\u044c", "site": "http://youtube.com/", "birth_date": "1990-07-02", "user": 1, "patronymic": "\u0418\u0433\u043e\u0440\u0435\u0432\u0438\u0447", "icq": 4565464, "avatar": "photos/user_avatars/me_in_helmet.jpg"}}, {"pk": 30, "model": "village.userprofile", "fields": {"first_name": "s", "last_name": "", "phone": null, "location": "", "site": "", "birth_date": null, "user": 24, "patronymic": "", "icq": null, "avatar": ""}}, {"pk": 31, "model": "village.userprofile", "fields": {"first_name": "dd", "last_name": "", "phone": null, "location": "", "site": "", "birth_date": null, "user": 25, "patronymic": "", "icq": null, "avatar": ""}}, {"pk": 1, "model": "village.photoalbum", "fields": {"name": "\u041c\u044b \u0432 \u042f\u043a\u0443\u0442\u0438\u0438", "description": "\u043f\u043e\u0435\u0437\u0434\u043a\u0430 \u0432 \u042f\u043a\u0443\u0442\u0438\u044e \u043b\u0435\u0442\u043e\u043c 1990"}}, {"pk": 2, "model": "village.photoalbum", "fields": {"name": "\u043a\u043e\u043b\u043e\u043c\u043d\u0430", "description": "\u043f\u043e\u0435\u0437\u0434\u043a\u0430 \u0432 \u043a\u043e\u043b\u043e\u043c\u043d\u0443"}}, {"pk": 1, "model": "village.photo", "fields": {"album": 1, "image": "photos/photos/flower.jpg", "description": "\u0446\u0432\u0435\u0442\u043e\u043a \u0438\u0437 \u044f\u043a\u0443\u0442\u0438\u0438", "key_photo": false}}, {"pk": 2, "model": "village.photo", "fields": {"album": 1, "image": "photos/photos/porsche.jpg", "description": "\u043e\u0431\u044b\u0447\u043d\u043e\u0435 \u0441\u0440\u0435\u0434\u0441\u0442\u0432\u043e \u043f\u0435\u0440\u0435\u0434\u0432\u0438\u0436\u0435\u043d\u0438\u044f \u043c\u0435\u0441\u0442\u043d\u044b\u0445 \u0436\u0438\u0442\u0435\u043b\u0435\u0439", "key_photo": true}}, {"pk": 3, "model": "village.photo", "fields": {"album": 1, "image": "photos/photos/old_moscow.jpg", "description": "\u0432\u043e\u0441\u0445\u043e\u0434", "key_photo": false}}, {"pk": 4, "model": "village.photo", "fields": {"album": 1, "image": "photos/photos/trees.jpg", "description": "\u0442\u0430\u043c\u043e\u0448\u043d\u0438\u0435 \u0434\u0435\u0440\u0435\u0432\u044c\u044f", "key_photo": false}}, {"pk": 6, "model": "village.photo", "fields": {"album": 1, "image": "photos/photos/tekila_batanga.jpg", "description": "\u043a\u043e\u043a\u0442\u0435\u0439\u043b\u044c", "key_photo": false}}, {"pk": 7, "model": "village.photo", "fields": {"album": 2, "image": "photos/photos/me_reflection.jpg", "description": "\u0443 \u043a\u0440\u0435\u043c\u043b\u044f", "key_photo": true}}, {"pk": 8, "model": "village.photo", "fields": {"album": 2, "image": "photos/photos/P1120421.jpg", "description": "\u043f\u0440\u044b\u0436\u043e\u043a", "key_photo": true}}]